{
    "model": "Ridge",
    "validation": {
        "mse": 6296.6541802291285,
        "rmse": 79.35145984938859,
        "r2": 0.060488849681762824
    },
    "test": {
        "mse": 6650.41469603983,
        "rmse": 81.55007477642084,
        "r2": 0.06260343461614637
    }
}